{"extensionType":"field_faas","i18nMap":{"zh-CN":{"attachmentLabel":"身份证图片","idCardSide":"身份证正反面","front":"人像面","back":"国徽面","name":"姓名","sex":"性别","nation":"民族","birth":"出生日期","address":"住址","idNumber":"身份证号码","issueAuthority":"签发机关","validDateStart":"有效期开始时间","validDateEnd":"有效期结束时间","idCardInfo":"身份证信息","authTip":"请填写百度云API的访问凭证","authHelp":"如何获取百度云API Key和Secret Key?","errorAuthFailed":"API Key 无效或已过期","errorRateLimit":"请求过于频繁，请稍后再试","errorApiRequest":"服务请求失败，请稍后重试","errorInvalidFormat":"API 返回格式异常","errorUnknown":"服务异常，请稍后重试","errorNoAttachment":"未找到附件","errorAttachmentFailed":"获取附件失败","errorIdCardRecognition":"身份证识别失败","apiKeyLabel":"API Key","apiKeyPlaceholder":"请输入百度云API Key","apiKeyTip":"请参考说明文档获取百度云API Key：","apiKeyDoc":"说明文档","secretKeyLabel":"Secret Key","secretKeyPlaceholder":"请输入百度云Secret Key"},"en-US":{"attachmentLabel":"ID Card Image","idCardSide":"ID Card Side","front":"Front","back":"Back","name":"Name","sex":"Gender","nation":"Nationality","birth":"Birth Date","address":"Address","idNumber":"ID Number","issueAuthority":"Issuing Authority","validDateStart":"Valid From","validDateEnd":"Valid Until","idCardInfo":"ID Card Information","authTip":"Please fill in Baidu Cloud API credentials","authHelp":"How to get Baidu Cloud API Key and Secret Key?","errorAuthFailed":"Invalid or expired API Key","errorRateLimit":"Too many requests, please try again later","errorApiRequest":"Service request failed, please try again later","errorInvalidFormat":"API response format error","errorUnknown":"Service error, please try again later","errorNoAttachment":"No attachment found","errorAttachmentFailed":"Failed to get attachment","errorIdCardRecognition":"ID card recognition failed","apiKeyLabel":"API Key","apiKeyPlaceholder":"Please enter Baidu Cloud API Key","apiKeyTip":"Please refer to the documentation to get Baidu Cloud API Key:","apiKeyDoc":"Documentation","secretKeyLabel":"Secret Key","secretKeyPlaceholder":"Please enter Baidu Cloud Secret Key"}},"fields":[{"fieldType":25,"uiSchema":{"fieldsConfigEditor":{"component":"OpenFieldMetaEditor","props":{"schema":{"authorizations":[{"id":"baidu_auth","platform":"baidu","type":"Custom","required":true,"params":[{"key":"apiKey","placeholder":"API Key"},{"key":"secretKey","placeholder":"Secret Key"}],"instructionsUrl":"https://cloud.baidu.com/doc/OCR/s/dk3iqnq51","label":"${{authTip}}","icon":{"light":"https://bce.bdstatic.com/console/dist/4.0.0/favicon.ico","dark":"https://bce.bdstatic.com/console/dist/4.0.0/favicon.ico"},"isRequired":true,"authType":"APIKey"}],"items":[{"key":"attachments","label":"${{attachmentLabel}}","component":"FieldSelect","props":{"supportType":[17]},"validator":{"required":true}},{"key":"idCardSide","label":"${{idCardSide}}","component":"Radio","props":{"options":[{"label":"${{front}}","value":"front"},{"label":"${{back}}","value":"back"}]},"validator":{"required":true}},{"key":"apiKey","label":"${{apiKeyLabel}}","component":"Text","props":{"placeholder":"${{apiKeyPlaceholder}}"},"tooltips":[{"type":"text","content":"${{apiKeyTip}}"},{"type":"link","text":"${{apiKeyDoc}}","link":"https://cloud.baidu.com/doc/OCR/s/dk3iqnq51"}],"validator":{"required":true}},{"key":"secretKey","label":"${{secretKeyLabel}}","component":"Text","props":{"placeholder":"${{secretKeyPlaceholder}}"},"validator":{"required":true}}]}}}},"presetFieldConfig":{"fieldProperty":{"propertyType":25,"icon":{"light":"https://bce.bdstatic.com/console/dist/4.0.0/favicon.ico"},"properties":[{"key":"id","title":"id","hidden":true,"propertyType":1},{"key":"primaryProperty","title":"${{name}}","propertyType":1},{"key":"sex","title":"${{sex}}","propertyType":1},{"key":"nation","title":"${{nation}}","propertyType":1},{"key":"birth","title":"${{birth}}","propertyType":1},{"key":"address","title":"${{address}}","propertyType":1},{"key":"idNumber","title":"${{idNumber}}","propertyType":1},{"key":"issueAuthority","title":"${{issueAuthority}}","propertyType":1},{"key":"validDateStart","title":"${{validDateStart}}","propertyType":1},{"key":"validDateEnd","title":"${{validDateEnd}}","propertyType":1}]},"externalEditorConfig":{}},"disableAutoUpdate":false}]}